# accession	Cluster	Lineage	Superorder	Orders	Family	ScientificName	EnglishName
GCA_040206685.1	-1	Amphibians	Anura	Archaeobatrachia > Leiopelmatoidea (Ascaphidae & Leiopelmatidae)	Ascaphidae	Ascaphus truei	coastal tailed frog
GCF_902713425.1	-1	Fishes	Actinopterygii (Ray-finned Fishes)	Acipenseriformes	Acipenseridae	Acipenser ruthenus	sterlet
GCA_963971535.1	-1	Fishes	Actinopterygii (Ray-finned Fishes)	Aulopiformes	Paralepididae	Notolepis coatsi	Antarctic jonasfish
GCF_902500255.1	-1	Fishes	Actinopterygii (Ray-finned Fishes)	Batrachoidiformes	Batrachoididae	Thalassophryne amazonica	prehistoric monster fish
GCF_900700375.1	-1	Fishes	Actinopterygii (Ray-finned Fishes)	Clupeiformes	Denticipitidae	Denticeps clupeoides	denticle herring
GCA_017639675.1	-1	Fishes	Actinopterygii (Ray-finned Fishes)	Galaxiiformes	Galaxiidae	Aplochiton taeniatus	peladilla
GCF_900634775.1	-1	Fishes	Actinopterygii (Ray-finned Fishes)	Gobiesociformes	Gobiesocidae	Gouania willdenowi	blunt-snouted clingfish
GCF_902362185.1	-1	Fishes	Actinopterygii (Ray-finned Fishes)	Gonorynchiformes	Chanidae	Chanos chanos	milkfish
GCA_041902795.1	-1	Fishes	Actinopterygii (Ray-finned Fishes)	Gymnotiformes	Gymnotidae	Electrophorus electricus	electric eel
GCF_020382885.2	-1	Fishes	Actinopterygii (Ray-finned Fishes)	insertae sedis in Eupercaria	Scatophagidae	Scatophagus argus	spotted scat
GCF_902148855.1	-1	Fishes	Actinopterygii (Ray-finned Fishes)	Kurtiformes	Apogonidae	Sphaeramia orbicularis	orbiculate cardinalfish
GCA_013358685.1	-1	Fishes	Actinopterygii (Ray-finned Fishes)	Lophiiformes	Antennariidae	Antennarius maculatus	warty frogfish
GCF_900964775.1	-1	Fishes	Actinopterygii (Ray-finned Fishes)	Osteoglossiformes	Osteoglossidae	Scleropages formosus	golden arowana
GCA_046255685.1	-1	Fishes	Actinopterygii (Ray-finned Fishes)	Percopsiformes	Amblyopsidae	Amblyopsis spelaea	Northern cavefish
GCF_900747795.2	-1	Fishes	Actinopterygii (Ray-finned Fishes)	Polypteriformes	Polypteridae	Erpetoichthys calabaricus	reedfish
GCF_030014385.1	-1	Fishes	Actinopterygii (Ray-finned Fishes)	Siluriformes	Trichomycteridae	Trichomycterus rosablanca	Rosablanca cavefish
GCA_048301465.1	-1	Fishes	Actinopterygii (Ray-finned Fishes)	Syngnathiformes	Aulostomidae	Aulostomus maculatus	West Atlantic trumpetfish
GCF_901000725.2	-1	Fishes	Actinopterygii (Ray-finned Fishes)	Tetraodontiformes	Tetraodontidae	Takifugu rubripes	Japanese puffer (torafugu)
GCA_048569125.1	-1	Fishes	Actinopterygii (Ray-finned Fishes)	Trachichthyiformes	Diretmidae	Diretmus argenteus	silver spinyfin
GCA_964187855.1	-1	Fishes	Agnatha (Jawless Fishes)	Myxiniformes	Myxinidae	Myxine glutinosa	Atlantic hagfish
GCA_035084275.1	-1	Fishes	Chondrichthyes (Cartilaginous Fishes)	Chimaeriformes	Chimaeridae	Hydrolagus colliei	spotted ratfish
GCA_040939525.1	-1	Fishes	Sarcopterygii (Lobe-finned fishes)	Ceratodontiformes	Protopteridae	Protopterus annectens	West African lungfish
GCF_037176945.1	-1	Fishes	Sarcopterygii (Lobe-finned fishes)	Coelacanthiformes	Coelacanthidae	Latimeria chalumnae	African coelacanth
GCF_902459465.1	-1	Invertebrates	Echinodermata	Forcipulatida	Asteriidae	Asterias rubens	common starfish
GCA_040954625.2	-1	Invertebrates	Hemichordata	Enteropneusta	Harrimaniidae	Balanoglossus misakiensis	acorn worm
GCA_947623445.1	-1	Invertebrates	Tunicata	Enterogona	Clavelinidae	Clavelina lepadiformis	light-bulb sea squirt
GCA_963082875.1	-1	Invertebrates	Tunicata	Enterogona	Corellidae	Corella eumyota	Orange-tipped sea squirt
GCA_963675345.1	-1	Invertebrates	Tunicata	Enterogona	Didemnidae	Trididemnum clinides	Trididemnum clinides
GCA_918807975.1	-1	Invertebrates	Tunicata	Enterogona	Polyclinidae	Aplidium turbinatum	clonial sea squirt
GCA_965202585.1	-1	Invertebrates	Tunicata	Enterogona	Salpidae	Thalia democratica	Thalia democratica
GCA_964204865.1	-1	Invertebrates	Tunicata	Enterogona	Styelidae	Styela clava	leathery sea squirt
GCF_950295315.1	-1	Mammals	Laurasiatheria	Eulipotyphla (Erinaceidae)	Erinaceidae	Erinaceus europaeus	European hedgehog
GCA_964194135.1	-1	Mammals	Laurasiatheria	Eulipotyphla (Talpidae)	Talpidae	Talpa europaea	European mole
GCF_020740685.1	-1	Mammals	Supraprimates (Euarchontoglires)	Rodentia (Dipodidae)	Dipodidae	Jaculus jaculus	Lesser Egyptian jerboa
GCA_019207075.1	1	Invertebrates	Cephalochordata	Amphioxiformes	Branchiostomatidae	Branchiostoma belcheri	Belcher's lancelet
GCA_015852565.1	1	Invertebrates	Cephalochordata	Amphioxiformes	Branchiostomatidae	Branchiostoma floridae	Florida amphioxus
GCA_035083965.1	1	Invertebrates	Cephalochordata	Amphioxiformes	Branchiostomatidae	Branchiostoma lanceolatum	European lancelet
GCA_964198595.1	2	Fishes	Agnatha (Jawless Fishes)	Petromyzontiformes	Petromyzontidae	Lampetra fluviatilis	European river lamprey
GCA_048934315.1	2	Fishes	Agnatha (Jawless Fishes)	Petromyzontiformes	Petromyzontidae	Petromyzon marinus	sea lamprey
GCA_947561715.1	3	Invertebrates	Tunicata	Enterogona	Ascidiidae	Ascidia mentula	pink sea squirt
GCA_963924565.1	3	Invertebrates	Tunicata	Enterogona	Ascidiidae	Ascidiella aspersa	European sea squirt
GCF_902713615.1	4	Fishes	Chondrichthyes (Cartilaginous Fishes)	Carcharhiniformes	Scyliorhinidae	Scyliorhinus canicula	small-spotted catshark
GCA_964213995.1	4	Fishes	Chondrichthyes (Cartilaginous Fishes)	Carcharhiniformes	Triakidae	Mustelus asterias	starry smooth-hound shark
GCF_036365525.1	4	Fishes	Chondrichthyes (Cartilaginous Fishes)	Heterodontiformes	Heterodontidae	Heterodontus francisci	horn shark
GCF_035084215.1	4	Fishes	Chondrichthyes (Cartilaginous Fishes)	Hexanchiformes	Hexanchidae	Heptranchias perlo	sharpnose sevengill shark
GCF_017639515.1	4	Fishes	Chondrichthyes (Cartilaginous Fishes)	Lamniformes	Alopiidae	Carcharodon carcharias	great white shark
GCA_964194155.1	4	Fishes	Chondrichthyes (Cartilaginous Fishes)	Lamniformes	Alopiidae	Cetorhinus maximus	basking shark
GCF_020745735.1	4	Fishes	Chondrichthyes (Cartilaginous Fishes)	Orectolobiformes	Hemiscylliidae	Hemiscyllium ocellatum	epaulette shark
GCF_030684315.1	4	Fishes	Chondrichthyes (Cartilaginous Fishes)	Orectolobiformes	Stegostomatidae	Stegostoma tigrinum	zebra shark
GCF_044704955.1	4	Fishes	Chondrichthyes (Cartilaginous Fishes)	Pristiophoriformes	Pristiophoridae	Pristiophorus japonicus	Japanese sawshark
GCF_030144855.1	5	Fishes	Chondrichthyes (Cartilaginous Fishes)	Myliobatiformes	Dasyatidae	Hypanus sabinus	Atlantic stingray
GCF_030028105.1	5	Fishes	Chondrichthyes (Cartilaginous Fishes)	Myliobatiformes	Mobulidae	Mobula birostris	Atlantic manta ray
GCF_010909765.2	5	Fishes	Chondrichthyes (Cartilaginous Fishes)	Rajiformes	Rajidae	Amblyraja radiata	thorny skate
GCA_963514005.1	5	Fishes	Chondrichthyes (Cartilaginous Fishes)	Rajiformes	Rajidae	Raja brachyura	blonde ray
GCF_009764475.1	5	Fishes	Chondrichthyes (Cartilaginous Fishes)	Rhinopristiformes	Pristidae	Pristis pectinata	smalltooth sawfish
GCF_036971445.1	5	Fishes	Chondrichthyes (Cartilaginous Fishes)	Torpediniformes	Narcinidae	Narcine bancroftii	lesser electric ray
GCF_036373705.1	6	Fishes	Actinopterygii (Ray-finned Fishes)	Amiiformes	Amiidae	Amia calva	bowfin
GCF_040954835.1	6	Fishes	Actinopterygii (Ray-finned Fishes)	Lepisosteiformes	Lepisosteidae	Lepisosteus oculatus	spotted gar
GCF_901001135.1	7	Amphibians	Gymnophiona	Rhinatrematidae	Rhinatrematidae	Rhinatrema bivittatum	two-lined caecilian
GCA_901765095.2	7	Amphibians	Gymnophiona	Teresomata > (Caeciliidae & Herpelidae)	Siphonopidae	Microcaecilia unicolor	tiny cayenne caecilian
GCF_902459505.1	7	Amphibians	Gymnophiona	Teresomata > (Dermophiidae & Typhlonectidae)	Dermophiidae	Geotrypetes seraphini	Gaboon caecilian
GCF_004115215.2	8	Mammals	Monotremes	Monotremata	Ornithorhynchidae	Ornithorhynchus anatinus	platypus
GCF_015852505.1	8	Mammals	Monotremes	Monotremata	Tachyglossidae	Tachyglossus aculeatus	short-beaked echidna
GCF_040938575.1	9	Amphibians	Caudata	Salamandroidea > (Ambystomatidae)	Ambystomatidae	Ambystoma mexicanum x Ambystoma tigrinum	axolotl
GCA_964261635.1	9	Amphibians	Caudata	Salamandroidea > (Salamandridae)	Salamandridae	Lissotriton helveticus	palmate newt
GCA_964263255.1	9	Amphibians	Caudata	Salamandroidea > (Salamandridae)	Salamandridae	Lissotriton vulgaris	common newt
GCA_026652325.1	9	Amphibians	Caudata	Salamandroidea > (Salamandridae)	Salamandridae	Pleurodeles waltl	Iberian ribbed newt
GCA_964204655.1	9	Amphibians	Caudata	Salamandroidea > (Salamandridae)	Salamandridae	Triturus cristatus	warty newt
GCF_013347855.1	10	Fishes	Actinopterygii (Ray-finned Fishes)	Anguilliformes	Anguillidae	Anguilla anguilla	European eel
GCF_963514075.1	10	Fishes	Actinopterygii (Ray-finned Fishes)	Anguilliformes	Congridae	Conger conger	European conger
GCF_013368585.1	10	Fishes	Actinopterygii (Ray-finned Fishes)	Elopiformes	Megalopidae	Megalops cyprinoides	Indo-pacific tarpon
GCA_033958435.1	11	Reptiles	Testudines (Cryptodira)	Carettochelyidae	Carettochelyidae	Carettochelys insculpta	pig-nosed turtle
GCA_965140235.1	11	Reptiles	Testudines (Cryptodira)	Cheloniidae	Cheloniidae	Caretta caretta	loggerhead sea turtle
GCF_015237465.2	11	Reptiles	Testudines (Cryptodira)	Cheloniidae	Cheloniidae	Chelonia mydas	green sea turtle
GCA_965152235.1	11	Reptiles	Testudines (Cryptodira)	Cheloniidae	Cheloniidae	Eretmochelys imbricata	Hawksbill sea turtle
GCA_965140285.1	11	Reptiles	Testudines (Cryptodira)	Cheloniidae	Cheloniidae	Lepidochelys kempii	Kemp's ridley sea turtle
GCA_965140295.1	11	Reptiles	Testudines (Cryptodira)	Cheloniidae	Cheloniidae	Lepidochelys olivacea	Pacific ridley
GCA_965152275.1	11	Reptiles	Testudines (Cryptodira)	Cheloniidae	Cheloniidae	Natator depressus	Australian flatback sea turtle
GCA_033349115.1	11	Reptiles	Testudines (Cryptodira)	Chelydridae	Chelydridae	Macrochelys suwanniensis	Suwannee snapping turtle
GCF_009764565.3	11	Reptiles	Testudines (Cryptodira)	Dermochelyidae	Dermochelyidae	Dermochelys coriacea	leatherback sea turtle
GCF_028017835.1	11	Reptiles	Testudines (Cryptodira)	Emydidae	Emydidae	Emys orbicularis	European pond turtle
GCF_027887155.1	11	Reptiles	Testudines (Cryptodira)	Emydidae	Emydidae	Malaclemys terrapin	diamondback terrapin
GCA_045781085.1	11	Reptiles	Testudines (Cryptodira)	Geoemydidae	Geoemydidae	Pangshura tecta	Indian roofed turtle
GCA_032164245.1	11	Reptiles	Testudines (Cryptodira)	Kinosternidae	Kinosternidae	Sternotherus odoratus	Eastern musk turtle
GCF_007399415.2	11	Reptiles	Testudines (Cryptodira)	Testudinidae	Testudinidae	Gopherus evgoodei	Goode's Thornscrub Tortoise
GCF_025201925.1	11	Reptiles	Testudines (Cryptodira)	Testudinidae	Testudinidae	Gopherus flavomarginatus	Mexican gopher tortoise
GCA_040894355.2	11	Reptiles	Testudines (Pleurodira)	Chelidae	Chelidae	Myuchelys georgesi	Bellinger river turtle
GCA_045364815.1	11	Reptiles	Testudines (Pleurodira)	Podocnemididae	Podocnemididae	Podocnemis expansa	arrau turtle
GCF_023053635.1	12	Reptiles	Squamata	Anguimorpha (Neoanguimorpha)	Anguidae	Elgaria multicarinata webbii	Southern alligator lizard
GCA_029215775.1	12	Reptiles	Squamata	Anguimorpha (Neoanguimorpha)	Anniellidae	Anniella stebbinsi	Southern California legless lizard
GCA_021292165.1	12	Reptiles	Squamata	Anguimorpha (Paleoanguimorpha)	Shinisauridae	Shinisaurus crocodilurus	Chinese crocodile lizard
GCA_047715975.1	12	Reptiles	Squamata	Iguania (Chamaeleonidae)	Chamaeleonidae	Bradypodion pumilum	Cape dwarf chameleon
GCA_030440675.1	12	Reptiles	Squamata	Iguania (Chamaeleonidae)	Chamaeleonidae	Furcifer pardalis	panther chameleon
GCA_030412105.1	12	Reptiles	Squamata	Iguania (Iguanidae)	Iguanidae	Cyclura pinguis	stout iguana
GCF_037176765.1	12	Reptiles	Squamata	Iguania (Polychrotidae)	Polychrotidae	Anolis sagrei	brown anole
GCF_009819535.1	12	Reptiles	Squamata	Lacertoidea (Lacertidae)	Lacertidae	Lacerta agilis	sand lizard
GCA_964188305.1	12	Reptiles	Squamata	Lacertoidea (Lacertidae)	Lacertidae	Podarcis bocagei	Bocage's wall lizard
GCA_951804945.1	12	Reptiles	Squamata	Lacertoidea (Lacertidae)	Lacertidae	Podarcis cretensis	Cretan wall lizard
GCA_964252035.1	12	Reptiles	Squamata	Lacertoidea (Lacertidae)	Lacertidae	Podarcis erhardii	Aegean wall lizard
GCA_964270895.1	12	Reptiles	Squamata	Lacertoidea (Lacertidae)	Lacertidae	Podarcis filfolensis	Filfola wall lizard
GCA_964106915.2	12	Reptiles	Squamata	Lacertoidea (Lacertidae)	Lacertidae	Podarcis gaigeae	Skyros wall lizard
GCA_965112155.1	12	Reptiles	Squamata	Lacertoidea (Lacertidae)	Lacertidae	Podarcis liolepis	Columbretes wall lizard
GCA_964234715.1	12	Reptiles	Squamata	Lacertoidea (Lacertidae)	Lacertidae	Podarcis melisellensis	Dalmatian wall lizard
GCA_964188315.1	12	Reptiles	Squamata	Lacertoidea (Lacertidae)	Lacertidae	Podarcis muralis	common wall lizard
GCA_964106645.2	12	Reptiles	Squamata	Lacertoidea (Lacertidae)	Lacertidae	Podarcis pityusensis	Ibiza wall lizard
GCF_027172205.1	12	Reptiles	Squamata	Lacertoidea (Lacertidae)	Lacertidae	Podarcis raffonei	Aeolian wall lizard
GCA_964188175.1	12	Reptiles	Squamata	Lacertoidea (Lacertidae)	Lacertidae	Podarcis siculus	Italian wall lizard
GCA_965153285.1	12	Reptiles	Squamata	Lacertoidea (Lacertidae)	Lacertidae	Podarcis tiliguerta	Tyrrhenian wall lizard
GCA_965113315.1	12	Reptiles	Squamata	Lacertoidea (Lacertidae)	Lacertidae	Podarcis vaucheri	Andalusian wall lizard
GCF_963506605.1	12	Reptiles	Squamata	Lacertoidea (Lacertidae)	Lacertidae	Zootoca vivipara	European common lizard
GCF_030035675.1	12	Reptiles	Squamata	Lacertoidea (Rhineuridae & Amphisbaenidae)	Rhineuridae & Amphisbaenidae	Rhineura floridana	Florida worm lizard
GCA_023333525.2	12	Reptiles	Squamata	Lacertoidea (Teiidae)	Teiidae	Aspidoscelis tigris stejnegeri	Western whiptail stejnegeri
GCA_035046505.1	12	Reptiles	Squamata	Scincoidea	Scincoidea	Tiliqua scincoides	blue-tongue skink
GCF_035149785.1	12	Reptiles	Squamata	Serpentes (Boidae & Pythonidae)	Boidae	Candoia aspera	viper boa
GCA_030867105.1	12	Reptiles	Squamata	Serpentes (Boidae & Pythonidae)	Pythonidae	Liasis olivaceus	olive python
GCA_964273705.1	12	Reptiles	Squamata	Serpentes (Colubridae)	Colubridae	Natrix helvetica	barred grass snake
GCF_009769535.1	12	Reptiles	Squamata	Serpentes (Colubridae)	Colubridae	Thamnophis elegans	Western terrestrial garter snake
GCF_031021105.1	12	Reptiles	Squamata	Serpentes (Dipsadidae)	Dipsadidae	Erythrolamprus reginae	royal ground snake
GCA_964194415.1	12	Reptiles	Squamata	Serpentes (Viperidae)	Viperidae	Vipera berus	adder
GCA_024294585.1	12	Reptiles	Squamata	Serpentes (Viperidae)	Viperidae	Vipera latastei	snub-nosed viber
GCA_947247035.1	12	Reptiles	Squamata	Serpentes (Viperidae)	Viperidae	Vipera ursinii	Hungarian meadow viper
GCA_046126795.1	13	Reptiles	Squamata	Dibamidae	Dibamidae	Dibamus smithi	Smith's blind skink
GCF_028583425.1	13	Reptiles	Squamata	Gekkota 	Eublepharidae	Eublepharis macularius	leopard gecko
GCF_029931775.1	13	Reptiles	Squamata	Gekkota 	Sphaerodactylidae	Euleptes europaea	European leaf-toed gecko
GCA_048593285.1	14	Mammals	Marsupials	Dasyuromorphia	Dasyuridae	Dasyurus maculatus	tiger quoll
GCA_048593225.1	14	Mammals	Marsupials	Dasyuromorphia	Dasyuridae	Sarcophilus harrisii	Tasmanian devil
GCA_048593235.1	14	Mammals	Marsupials	Dasyuromorphia	Dasyuridae	Sminthopsis crassicaudata	fat-tailed dunnart
GCF_027887165.1	14	Mammals	Marsupials	Didelphimorphia	Didelphidae	Monodelphis domestica	gray short-tailed opossum
GCF_028372415.1	14	Mammals	Marsupials	Diprotodontia (Macropodidae)	Macropodidae	Macropus eugenii	Tammar wallaby
GCF_011100635.1	14	Mammals	Marsupials	Diprotodontia (Phalangeridae)	Phalangeridae	Trichosurus vulpecula	common brushtail possum
GCA_003287225.2	14	Mammals	Marsupials	Diprotodontia (Phascolarctidae)	Phascolarctidae	Phascolarctos cinereus	koala
GCF_019393635.1	14	Mammals	Marsupials	Microbiotheria	Microbiotheriidae	Dromiciops gliroides	monito del montes
GCA_048126345.1	14	Mammals	Marsupials	Notoryctemorphia	Notoryctidae 	Notoryctes typhlops	Southern marsupial mole
GCA_037893015.1	14	Mammals	Marsupials	Peramelemorphia	Peramelidae	Macrotis lagotis	greater bilby
GCA_951799395.1	15	Fishes	Actinopterygii (Ray-finned Fishes)	Argentiniformes	Argentinidae	Argentina silus	greater argentine
GCA_963989245.1	15	Fishes	Actinopterygii (Ray-finned Fishes)	Argentiniformes	Microstomatidae	Nansenia antarctica	pencil smelt
GCF_011004845.1	15	Fishes	Actinopterygii (Ray-finned Fishes)	Esociformes	Esocidae	Esox lucius	Northern pike
GCA_964263955.1	15	Fishes	Actinopterygii (Ray-finned Fishes)	Salmoniformes	Salmonidae	Coregonus lavaretus	common whitefish
GCA_901001165.2	15	Fishes	Actinopterygii (Ray-finned Fishes)	Salmoniformes	Salmonidae	Salmo trutta	brown trout
GCA_036784965.1	15	Fishes	Actinopterygii (Ray-finned Fishes)	Salmoniformes	Salmonidae	Salvelinus alpinus	Arctic char
GCF_030867095.1	16	Reptiles	Crocodylia	Alligatoridae	Alligatoridae	Alligator mississippiensis	American alligator
GCA_030020295.1	16	Reptiles	Crocodylia	Gavialidae	Gavialidae	Gavialis gangeticus	Indian gharial
GCA_027410445.1	17	Amphibians	Anura	Archaeobatrachia > Discoglossoidea (Alytidae)	Alytidae	Discoglossus pictus	painted frog
GCF_027579735.1	17	Amphibians	Anura	Archaeobatrachia > Discoglossoidea (Bombinatoridae)	Bombinatoridae	Bombina bombina	European fire-bellied toad
GCA_964205295.1	17	Amphibians	Anura	Archaeobatrachia > Discoglossoidea (Bombinatoridae)	Bombinatoridae	Bombina variegata	yellow-bellied toad
GCF_963692335.1	18	Fishes	Actinopterygii (Ray-finned Fishes)	Osmeriformes	Osmeridae	Osmerus eperlanus	European smelt
GCA_038355195.1	18	Fishes	Actinopterygii (Ray-finned Fishes)	Osmeriformes	Osmeridae	Osmerus mordax	rainbow smelt
GCA_949987555.1	18	Fishes	Actinopterygii (Ray-finned Fishes)	Stomiatiformes/Stomiiformes	Stomiidae	Borostomias antarcticus	large-eye snaggletooth
GCF_018492685.1	19	Fishes	Actinopterygii (Ray-finned Fishes)	Clupeiformes	Clupeidae	Alosa sapidissima	American shad
GCF_963854185.1	19	Fishes	Actinopterygii (Ray-finned Fishes)	Clupeiformes	Clupeidae	Sardina pilchardus	sardine
GCA_963457725.1	19	Fishes	Actinopterygii (Ray-finned Fishes)	Clupeiformes	Clupeidae	Sprattus sprattus	European sprat
GCA_048544225.1	19	Fishes	Actinopterygii (Ray-finned Fishes)	Clupeiformes	Engraulidae	Coilia mystus	Osbeck's grenadier anchovy
GCF_036417845.1	20	Birds	Palaeognathae	Apterygiformes	Apterygidae	Apteryx mantelli	North Island brown kiwi
GCF_036370855.1	20	Birds	Palaeognathae	Casuariiformes	Dromaiidae	Dromaius novaehollandiae	emu
GCF_028389875.1	20	Birds	Palaeognathae	Rheiformes	Rheidae	Rhea pennata	lesser rhea 
GCF_040807025.1	20	Birds	Palaeognathae	Struthioniformes	Struthionidae	Struthio camelus australis	common ostrich
GCA_047922985.1	20	Birds	Palaeognathae	Tinamiformes	Tinamidae	Eudromia elegans	elegant crested tinamou
GCA_028571685.1	21	Mammals	Afrotheria	Hyracoidea	Procaviidae	Heterohyrax brucei	yellow-spotted rock hyrax
GCA_043290085.1	21	Mammals	Afrotheria	Macroscelidea	Macroscelididae	Rhynchocyon petersi	black and rufous elephant shrew
GCF_024166365.1	21	Mammals	Afrotheria	Proboscidea	Elephantidae	Elephas maximus indicus	Asian elephant
GCF_030014295.1	21	Mammals	Afrotheria	Proboscidea	Elephantidae	Loxodonta africana	African elephant
GCA_030035585.1	21	Mammals	Afrotheria	Sirenia	Dugongidae	Dugong dugon	dugong
GCA_046562895.1	21	Mammals	Afrotheria	Sirenia	Trichechidae	Trichechus inunguis	Amazon manatee
GCF_030445035.2	22	Mammals	Xenarthra	Cingulata	Dasypodidae	Dasypus novemcinctus	nine-banded armadillo
GCF_015220235.1	22	Mammals	Xenarthra	Pilosa (Folivora)	Megalonychidae	Choloepus didactylus	Linnaeus's two-toed sloth
GCA_023851605.1	22	Mammals	Xenarthra	Pilosa (Vermilingua)	Myrmecophagidae	Tamandua tetradactyla	Southern tamandua 
GCA_037306005.1	23	Amphibians	Anura	Archaeobatrachia > Discoglossoidea (Rhinophrynidae)	Rhinophrynidae	Rhinophrynus dorsalis	Mexican burrowing toad
GCA_038501925.1	23	Amphibians	Anura	Archaeobatrachia > Pipoidea (Pipidae)	Pipidae	Xenopus petersii	Peter's clawed frog
GCA_936440315.1	24	Fishes	Actinopterygii (Ray-finned Fishes)	Cypriniformes	Cyprinidae	Barbus barbus	barbel
GCA_944039275.1	24	Fishes	Actinopterygii (Ray-finned Fishes)	Cypriniformes	Cyprinidae	Danio rerio	zebrafish
GCA_949152265.1	24	Fishes	Actinopterygii (Ray-finned Fishes)	Cypriniformes	Cyprinidae	Phoxinus phoxinus	Eurasian minnow
GCA_951802725.1	24	Fishes	Actinopterygii (Ray-finned Fishes)	Cypriniformes	Cyprinidae	Rutilus rutilus	roach minnow
GCA_949319135.1	24	Fishes	Actinopterygii (Ray-finned Fishes)	Cypriniformes	Cyprinidae	Squalius cephalus	European chub
GCF_963082965.1	24	Fishes	Actinopterygii (Ray-finned Fishes)	Cypriniformes	Gobionidae	Carassius carassius	common carp
GCA_038024135.1	24	Fishes	Actinopterygii (Ray-finned Fishes)	Cypriniformes	Gobionidae	Cyprinella venusta	blacktail shiner
GCA_949357685.1	24	Fishes	Actinopterygii (Ray-finned Fishes)	Cypriniformes	Gobionidae	Gobio gobio	gudgeon
GCA_048301585.1	24	Fishes	Actinopterygii (Ray-finned Fishes)	Cypriniformes	Gobionidae	Rhinogobio nasutus	Rhinogobio nasutus
GCA_963993115.1	24	Fishes	Actinopterygii (Ray-finned Fishes)	Cypriniformes	Leuciscidae	Abramis brama	common bream
GCA_965113295.1	24	Fishes	Actinopterygii (Ray-finned Fishes)	Cypriniformes	Leuciscidae	Leuciscus leuciscus	common dace
GCA_964197995.1	24	Fishes	Actinopterygii (Ray-finned Fishes)	Cypriniformes	Leuciscidae	Scardinius erythrophthalmus	common rudd
GCA_947034865.1	24	Fishes	Actinopterygii (Ray-finned Fishes)	Cypriniformes	Nemacheilidae	Barbatula barbatula	stone loach
GCF_963932015.1	25	Birds	GalloAnserformes	Anseriformes	Anatidae	Anas acuta	northern pintail
GCA_964188345.1	25	Birds	GalloAnserformes	Anseriformes	Anatidae	Anas platyrhynchos	mallard
GCA_964211835.1	25	Birds	GalloAnserformes	Anseriformes	Anatidae	Anser anser	domestic goose
GCA_964034855.1	25	Birds	GalloAnserformes	Anseriformes	Anatidae	Anser brachyrhynchus	pink-footed goose
GCF_040182565.1	25	Birds	GalloAnserformes	Anseriformes	Anatidae	Anser cygnoides	swan goose
GCA_964211825.1	25	Birds	GalloAnserformes	Anseriformes	Anatidae	Aythya ferina	common pochard
GCF_009819795.1	25	Birds	GalloAnserformes	Anseriformes	Anatidae	Aythya fuligula	tufted duck
GCA_965140915.1	25	Birds	GalloAnserformes	Anseriformes	Anatidae	Aythya marila	greater scaup
GCA_965231335.1	25	Birds	GalloAnserformes	Anseriformes	Anatidae	Branta canadensis	Canada goose
GCA_964059595.1	25	Birds	GalloAnserformes	Anseriformes	Anatidae	Bucephala clangula	common goldeneye
GCA_963989345.1	25	Birds	GalloAnserformes	Anseriformes	Anatidae	Clangula hyemalis	long-tailed duck
GCA_965151615.1	25	Birds	GalloAnserformes	Anseriformes	Anatidae	Cygnus columbianus	tundra swan
GCF_009769625.2	25	Birds	GalloAnserformes	Anseriformes	Anatidae	Cygnus olor	mute swan
GCA_036873955.1	25	Birds	GalloAnserformes	Anseriformes	Anatidae	Mergus octosetaceus	Brazilian merganser
GCA_964035555.1	25	Birds	GalloAnserformes	Anseriformes	Anatidae	Netta rufina	red-crested pochard
GCA_039878825.1	25	Birds	GalloAnserformes	Galliformes	Phasianidae	Coturnix chinensis	king quail
GCF_016700215.2	25	Birds	GalloAnserformes	Galliformes	Phasianidae	Gallus gallus	white leghorn layer chicken
GCF_023343835.1	25	Birds	GalloAnserformes	Galliformes	Phasianidae	Lagopus muta	rock ptarmigan
GCA_951394365.1	25	Birds	GalloAnserformes	Galliformes	Phasianidae	Tetrao urogallus	Western capercaillie
GCF_048164855.1	26	Mammals	Laurasiatheria	Carnivora (Caniformia)	Canidae	Canis lupus baileyi	Mexican gray wolf
GCF_011100685.1	26	Mammals	Laurasiatheria	Carnivora (Caniformia)	Canidae	Canis lupus familiaris	German shepherd dog
GCA_905319855.2	26	Mammals	Laurasiatheria	Carnivora (Caniformia)	Canidae	Canis lupus orion	Greenland wolf
GCA_040955705.1	26	Mammals	Laurasiatheria	Carnivora (Caniformia)	Canidae	Lycaon pictus	African hunting dog
GCA_964106825.2	26	Mammals	Laurasiatheria	Carnivora (Caniformia)	Canidae	Vulpes vulpes	red fox
GCF_902655055.1	26	Mammals	Laurasiatheria	Carnivora (Caniformia)	Mustelidae	Lutra lutra	Eurasian otter
GCA_963455335.1	26	Mammals	Laurasiatheria	Carnivora (Caniformia)	Mustelidae	Martes martes	European pine marten
GCF_922984935.1	26	Mammals	Laurasiatheria	Carnivora (Caniformia)	Mustelidae	Meles meles	European badger
GCF_009829155.1	26	Mammals	Laurasiatheria	Carnivora (Caniformia)	Mustelidae	Mustela erminea	stout
GCF_030435805.1	26	Mammals	Laurasiatheria	Carnivora (Caniformia)	Mustelidae	Mustela lutreola	European mink
GCA_964662115.1	26	Mammals	Laurasiatheria	Carnivora (Caniformia)	Mustelidae	Mustela nivalis vulgaris	least weasel 
GCA_964106545.1	26	Mammals	Laurasiatheria	Carnivora (Caniformia)	Mustelidae	Neogale vison	American mink
GCF_009762305.2	26	Mammals	Laurasiatheria	Carnivora (Caniformia)	Otariidae	Zalophus californianus	California sea lion
GCA_964656455.1	26	Mammals	Laurasiatheria	Carnivora (Caniformia)	Phocidae	Halichoerus grypus	grey seal
GCF_007474595.2	26	Mammals	Laurasiatheria	Carnivora (Feliformia)	Felidae	Lynx canadensis	Canada lynx
GCF_028018385.1	26	Mammals	Laurasiatheria	Carnivora (Feliformia)	Felidae	Neofelis nebulosa	clouded leopard
GCA_046562885.1	26	Mammals	Laurasiatheria	Carnivora (Feliformia)	Felidae	Panthera onca	jaguar
GCF_028564815.1	26	Mammals	Laurasiatheria	Cetartiodactyla (Cetacea)	Balaenidae	Eubalaena glacialis	North Atlantic right whale
GCA_005190385.3	26	Mammals	Laurasiatheria	Cetartiodactyla (Cetacea)	Balaenidae	Monodon monocero	narwhal
GCF_949987535.1	26	Mammals	Laurasiatheria	Cetartiodactyla (Cetacea)	Balaenopteridae	Balaenoptera acutorostrata	common minke whale
GCA_965194805.1	26	Mammals	Laurasiatheria	Cetartiodactyla (Cetacea)	Balaenopteridae	Balaenoptera borealis	sei whale
GCF_009873245.2	26	Mammals	Laurasiatheria	Cetartiodactyla (Cetacea)	Balaenopteridae	Balaenoptera musculus	blue whale
GCA_965194825.1	26	Mammals	Laurasiatheria	Cetartiodactyla (Cetacea)	Balaenopteridae	Balaenoptera physalus	finback whale
GCF_028023285.1	26	Mammals	Laurasiatheria	Cetartiodactyla (Cetacea)	Balaenopteridae	Balaenoptera ricei	Rice's whale
GCF_028021215.1	26	Mammals	Laurasiatheria	Cetartiodactyla (Cetacea)	Balaenopteridae	Eschrichtius robustus	gray whale
GCA_041834305.1	26	Mammals	Laurasiatheria	Cetartiodactyla (Cetacea)	Balaenopteridae	Megaptera novaeangliae	humpback whale
GCA_951394435.1	26	Mammals	Laurasiatheria	Cetartiodactyla (Cetacea)	Balaenopteridae	Stenella coeruleoalba	striped dolphin
GCF_963455315.2	26	Mammals	Laurasiatheria	Cetartiodactyla (Cetacea)	Delphinidae	Globicephala melas	long-finned pilot whale
GCA_964374135.1	26	Mammals	Laurasiatheria	Cetartiodactyla (Cetacea)	Delphinidae	Grampus griseus	Risso's dolphin
GCF_949774975.1	26	Mammals	Laurasiatheria	Cetartiodactyla (Cetacea)	Delphinidae	Lagenorhynchus albirostris	white-beaked dolphin
GCA_964270905.1	26	Mammals	Laurasiatheria	Cetartiodactyla (Cetacea)	Delphinidae	Leucopleurus acutus	Atlantic white-sided dolphin
GCF_937001465.1	26	Mammals	Laurasiatheria	Cetartiodactyla (Cetacea)	Delphinidae	Orcinus orca	killer whale
GCF_039906515.1	26	Mammals	Laurasiatheria	Cetartiodactyla (Cetacea)	Delphinidae	Pseudorca crassidens	false killer whale
GCF_011762595.1	26	Mammals	Laurasiatheria	Cetartiodactyla (Cetacea)	Delphinidae	Tursiops truncatus	bottlenose dolphin
GCF_949987515.2	26	Mammals	Laurasiatheria	Cetartiodactyla (Cetacea)	Iniidae	Delphinus delphis	saddleback dolphin
GCA_036417435.1	26	Mammals	Laurasiatheria	Cetartiodactyla (Cetacea)	Iniidae	Inia geoffrensis	Amazon river dolphin
GCF_026419965.1	26	Mammals	Laurasiatheria	Cetartiodactyla (Cetacea)	Kogiidae	Kogia breviceps	pygmy sperm whale
GCF_963924675.1	26	Mammals	Laurasiatheria	Cetartiodactyla (Cetacea)	Phocoenidae	Phocoena phocoena	harbor porpoise
GCF_008692025.1	26	Mammals	Laurasiatheria	Cetartiodactyla (Cetacea)	Phocoenidae	Phocoena sinus	vaquita
GCA_949752795.1	26	Mammals	Laurasiatheria	Cetartiodactyla (Cetacea)	Ziphiidae	Hyperoodon ampullatus	North Atlantic bottlenose whale
GCA_964165515.1	26	Mammals	Laurasiatheria	Cetartiodactyla (Cetacea)	Ziphiidae	Mesoplodon bidens	Sowerby's beaked whale
GCF_025265405.1	26	Mammals	Laurasiatheria	Cetartiodactyla (Cetacea)	Ziphiidae	Mesoplodon densirostris	Blainville's beaked whale
GCA_964341445.1	26	Mammals	Laurasiatheria	Cetartiodactyla (Cetacea)	Ziphiidae	Mesoplodon mirus	True's beaked whale
GCF_030028045.1	26	Mammals	Laurasiatheria	Cetartiodactyla (Hippopotamidae)	Hippopotamidae	Hippopotamus amphibius	common hippopotamus
GCF_003369695.1	26	Mammals	Laurasiatheria	Cetartiodactyla (Ruminantia)	Bovidae	Bos taurus	Brahman cow
GCA_041735815.1	26	Mammals	Laurasiatheria	Cetartiodactyla (Ruminantia)	Bovidae	Capra hircus	goat
GCA_040805955.1	26	Mammals	Laurasiatheria	Cetartiodactyla (Ruminantia)	Bovidae	Ovis aries	domestic sheep
GCF_042477335.2	26	Mammals	Laurasiatheria	Cetartiodactyla (Ruminantia)	Bovidae	Ovis canadensis	bighorn sheep
GCF_910594005.1	26	Mammals	Laurasiatheria	Cetartiodactyla (Ruminantia)	Cervidae	Cervus elaphus	red deer
GCA_048126745.1	26	Mammals	Laurasiatheria	Cetartiodactyla (Ruminantia)	Cervidae	Dama dama	fallow deer
GCF_963930625.1	26	Mammals	Laurasiatheria	Cetartiodactyla (Ruminantia)	Cervidae	Muntiacus reevesi	Reeves' muntjac
GCA_048338725.1	26	Mammals	Laurasiatheria	Cetartiodactyla (Suina)	Suina	Sus scrofa	pig
GCF_036321535.1	26	Mammals	Laurasiatheria	Cetartiodactyla (Tylopoda)	Tylopoda	Camelus dromedarius	Dromedary camel
GCF_036850765.1	26	Mammals	Laurasiatheria	Chiroptera (Yangochiroptera)	Emballonuridae	Saccopteryx bilineata	greater sac-winged bat
GCF_036850995.1	26	Mammals	Laurasiatheria	Chiroptera (Yangochiroptera)	Emballonuridae	Saccopteryx leptura	lesser sac-winged bat
GCA_964146895.2	26	Mammals	Laurasiatheria	Chiroptera (Yangochiroptera)	Miniopteridae	Miniopterus schreibersii	Schreibers' long-fingered bat
GCA_037157525.1	26	Mammals	Laurasiatheria	Chiroptera (Yangochiroptera)	Molossidae	Molossus alvarezi 	Alvarez's mastiff bat
GCF_014108415.1	26	Mammals	Laurasiatheria	Chiroptera (Yangochiroptera)	Molossidae	Molossus molossus	Pallas's mastiff bat
GCA_039880945.1	26	Mammals	Laurasiatheria	Chiroptera (Yangochiroptera)	Molossidae	Molossus nigricans	Ebon mastiff bat
GCA_043748645.1	26	Mammals	Laurasiatheria	Chiroptera (Yangochiroptera)	Molossidae	Mops condylurus	Angolan free-tailed bat
GCA_030848825.1	26	Mammals	Laurasiatheria	Chiroptera (Yangochiroptera)	Molossidae	Tadarida brasiliensis	Brazilian free-tailed bat
GCA_038363145.1	26	Mammals	Laurasiatheria	Chiroptera (Yangochiroptera)	Phyllostomidae	Artibeus intermedius	intermediate fruit-eating bat
GCA_038363095.2	26	Mammals	Laurasiatheria	Chiroptera (Yangochiroptera)	Phyllostomidae	Artibeus lituratus	great fruit-eating bat
GCA_022682495.2	26	Mammals	Laurasiatheria	Chiroptera (Yangochiroptera)	Phyllostomidae	Desmodus rotundus	common vampire bat
GCA_039655065.1	26	Mammals	Laurasiatheria	Chiroptera (Yangochiroptera)	Phyllostomidae	Glossophaga mutica	Merriam's long-tongued bat
GCF_004126475.2	26	Mammals	Laurasiatheria	Chiroptera (Yangochiroptera)	Phyllostomidae	Phyllostomus discolor	pale spear-nosed bat
GCA_027563665.1	26	Mammals	Laurasiatheria	Chiroptera (Yangochiroptera)	Vespertilionidae	Antrozous pallidus	pallid bat
GCA_951640355.1	26	Mammals	Laurasiatheria	Chiroptera (Yangochiroptera)	Vespertilionidae	Cnephaeus nilssonii 	northern bat
GCA_026230055.1	26	Mammals	Laurasiatheria	Chiroptera (Yangochiroptera)	Vespertilionidae	Corynorhinus townsendii	Townsend's big-eared bat
GCF_027574615.1	26	Mammals	Laurasiatheria	Chiroptera (Yangochiroptera)	Vespertilionidae	Eptesicus fuscus	big brown bat
GCF_963259705.1	26	Mammals	Laurasiatheria	Chiroptera (Yangochiroptera)	Vespertilionidae	Myotis daubentonii	Daubenton's bat
GCA_965115925.1	26	Mammals	Laurasiatheria	Chiroptera (Yangochiroptera)	Vespertilionidae	Myotis emarginatus	Geoffroy's bat
GCF_014108235.1	26	Mammals	Laurasiatheria	Chiroptera (Yangochiroptera)	Vespertilionidae	Myotis myotis	greater mouse-eared bat
GCA_964094495.2	26	Mammals	Laurasiatheria	Chiroptera (Yangochiroptera)	Vespertilionidae	Myotis mystacinus	whiskered bat
GCA_964212035.2	26	Mammals	Laurasiatheria	Chiroptera (Yangochiroptera)	Vespertilionidae	Myotis nattereri	Natterer's bat
GCA_964264875.2	26	Mammals	Laurasiatheria	Chiroptera (Yangochiroptera)	Vespertilionidae	Nyctalus leisleri	lesser noctule
GCA_964339955.1	26	Mammals	Laurasiatheria	Chiroptera (Yangochiroptera)	Vespertilionidae	Pipistrellus hanaki	Hanaki's dwarf bat
GCF_014108245.1	26	Mammals	Laurasiatheria	Chiroptera (Yangochiroptera)	Vespertilionidae	Pipistrellus kuhlii	Kuhl's pipistrelle
GCA_964656225.1	26	Mammals	Laurasiatheria	Chiroptera (Yangochiroptera)	Vespertilionidae	Pipistrellus nathusii	Nathusius's pipistrelle
GCA_903992545.1	26	Mammals	Laurasiatheria	Chiroptera (Yangochiroptera)	Vespertilionidae	Pipistrellus pipistrellus	common pipistrelle
GCA_949987585.1	26	Mammals	Laurasiatheria	Chiroptera (Yangochiroptera)	Vespertilionidae	Pipistrellus pygmaeus	soprano pipistrelle
GCA_963455305.1	26	Mammals	Laurasiatheria	Chiroptera (Yangochiroptera)	Vespertilionidae	Plecotus auritus	brown big-eared bat
GCA_037038545.1	26	Mammals	Laurasiatheria	Chiroptera (Yangochiroptera)	Vespertilionidae	Rhynchonycteris naso	proboscis bat
GCA_963924515.1	26	Mammals	Laurasiatheria	Chiroptera (Yangochiroptera)	Vespertilionidae	Vespertilio murinus	particolored bat
GCA_043727835.1	26	Mammals	Laurasiatheria	Chiroptera (Yinpterochiroptera)	Hipposideridae	Aselliscus stoliczkanus	Stoliczka's trident bat
GCA_043880285.1	26	Mammals	Laurasiatheria	Chiroptera (Yinpterochiroptera)	Hipposideridae	Doryrhina cyclops	Cyclops roundleaf bat
GCA_031876335.1	26	Mammals	Laurasiatheria	Chiroptera (Yinpterochiroptera)	Hipposideridae	Hipposideros larvatus	intermediate roundleaf bat
GCA_043880595.1	26	Mammals	Laurasiatheria	Chiroptera (Yinpterochiroptera)	Megadermatidae	Megaderma spasma	Lesser false vampire bat
GCF_014176215.1	26	Mammals	Laurasiatheria	Chiroptera (Yinpterochiroptera)	Pteropodidae	Rousettus aegyptiacus	Egyptian fruit bat
GCA_043728065.1	26	Mammals	Laurasiatheria	Chiroptera (Yinpterochiroptera)	Rhinolophidae	Rhinolophus affinis	intermediate horseshoe bat
GCF_004115265.2	26	Mammals	Laurasiatheria	Chiroptera (Yinpterochiroptera)	Rhinolophidae	Rhinolophus ferrumequinum	greater horseshoe bat
GCA_964194185.1	26	Mammals	Laurasiatheria	Chiroptera (Yinpterochiroptera)	Rhinolophidae	Rhinolophus hipposideros	lesser horseshoe bat
GCA_043748575.1	26	Mammals	Laurasiatheria	Chiroptera (Yinpterochiroptera)	Rhinolophidae	Rhinolophus perniger lanosus	Northern woolly horseshoe bat
GCA_043728145.1	26	Mammals	Laurasiatheria	Chiroptera (Yinpterochiroptera)	Rhinolophidae	Rhinolophus trifoliatus	trefoil horseshoe bat
GCA_043880425.1	26	Mammals	Laurasiatheria	Chiroptera (Yinpterochiroptera)	Rhinolophidae	Rhinolophus yonghoiseni	Yong hoi sen's woolly horseshoe bat
GCA_043880545.1	26	Mammals	Laurasiatheria	Chiroptera (Yinpterochiroptera)	Rhinopomatidae	Rhinopoma microphyllum	Greater mouse-tailed bat
GCA_036426135.1	26	Mammals	Laurasiatheria	Perissodactyla (Equidae)	Equidae	Equus caballus	Arabian horse
GCF_020826845.1	26	Mammals	Laurasiatheria	Perissodactyla (Rhinoceratidae)	Rhinoceratidae	Diceros bicornis minor	Southern black rhinoceros
GCA_031878705.1	26	Mammals	Laurasiatheria	Perissodactyla (Tapiridae)	Tapiridae	Tapirus indicus	Malayan tapir
GCF_030020395.1	26	Mammals	Laurasiatheria	Pholidota	Manidae	Manis pentadactyla	Chinese pangolin
GCF_027409185.1	27	Mammals	Supraprimates (Euarchontoglires)	Dermoptera	Cynocephalidae	Cynocephalus volans	Philippine flying lemur
GCF_037993035.1	27	Mammals	Supraprimates (Euarchontoglires)	Primates (Catarrhines)	Cercopithecidae	Macaca fascicularis	crab-eating macaque
GCF_043159975.1	27	Mammals	Supraprimates (Euarchontoglires)	Primates (Catarrhines)	Cercopithecidae	Macaca nemestrina	pig-tailed macaque
GCF_029281585.2	27	Mammals	Supraprimates (Euarchontoglires)	Primates (Catarrhines)	Hominidae	Gorilla gorilla	gorilla
GCA_009914755.4	27	Mammals	Supraprimates (Euarchontoglires)	Primates (Catarrhines)	Hominidae	Homo sapiens	human
GCF_029289425.2	27	Mammals	Supraprimates (Euarchontoglires)	Primates (Catarrhines)	Hominidae	Pan paniscus	bonobo
GCF_028858775.2	27	Mammals	Supraprimates (Euarchontoglires)	Primates (Catarrhines)	Hominidae	Pan troglodytes	chimpanzee
GCF_028885655.2	27	Mammals	Supraprimates (Euarchontoglires)	Primates (Catarrhines)	Hominidae	Pongo abelii 	Sumatran orangutan
GCF_028885625.2	27	Mammals	Supraprimates (Euarchontoglires)	Primates (Catarrhines)	Hominidae	Pongo pygmaeus	Bornean orangutan
GCF_028878055.3	27	Mammals	Supraprimates (Euarchontoglires)	Primates (Catarrhines)	Hylobatidae	Symphalangus syndactylus	siamang gibbon
GCF_020740605.2	27	Mammals	Supraprimates (Euarchontoglires)	Primates (Lemuriformes)	Lemuroidea	Lemur catta	ring-tailed lemur
GCF_027406575.1	27	Mammals	Supraprimates (Euarchontoglires)	Primates (Lorisoidea)	Lorisoidea	Nycticebus coucang	sunda slow loris
GCA_049354715.1	27	Mammals	Supraprimates (Euarchontoglires)	Primates (Platyrrhines)	Cebidae	Callithrix jacchus	common marmoset
GCA_048565385.1	27	Mammals	Supraprimates (Euarchontoglires)	Primates (Platyrrhines)	Cebidae	Saimiri boliviensis	Bolivian squirrel monkey
GCA_026018925.1	27	Mammals	Supraprimates (Euarchontoglires)	Scandentia (Tupaiidae)	Tupaiidae	Tupaia tana	large treeshrew
GCF_036172605.1	28	Amphibians	Anura	Archaeobatrachia > Pelobatoidea (Pelobatidae)	Pelobatidae	Pelobates fuscus	common spadefoot toad
GCA_036172795.1	28	Amphibians	Anura	Archaeobatrachia > Pelobatoidea (Pelodytidae)	Pelodytidae	Pelodytes ibericus	Iberian parsley frog
GCF_027358695.1	28	Amphibians	Anura	Archaeobatrachia > Pelobatoidea (Scaphiopodidae)	Scaphiopodidae	Spea bombifrons	plain spadefoot toad
GCF_020740795.1	29	Birds	Caprimulgimorphae	Apodiformes (Apodidae)	Apodidae	Apus apus	common swift
GCA_020745705.1	29	Birds	Caprimulgimorphae	Apodiformes (Hemiprocnidae)	Hemiprocnidae	Hemiprocne comata	whiskered treeswift
GCA_039906565.1	29	Birds	Caprimulgimorphae	Caprimulgiformes (Aegothelidae)	Aegothelidae	Aegotheles albertisi	mountain owlet-nightjar
GCA_907165065.1	29	Birds	Caprimulgimorphae	Caprimulgiformes (Caprimulgidae)	Caprimulgidae	Caprimulgus europaeus	Eurasian nightjar
GCF_013368605.1	29	Birds	Caprimulgimorphae	Caprimulgiformes (Nyctibiidae)	Nyctibiidae	Nyctibius grandis	great potoo
GCA_028020825.1	29	Birds	Caprimulgimorphae	Caprimulgiformes (Podargidae)	Podargidae	Podargus strigoides	tawny frogmouth
GCF_003957555.1	29	Birds	Caprimulgimorphae	Trochiliformes	Trochilidae	Calypte anna	Anna's hummingbird
GCF_036169615.1	29	Birds	Caprimulgimorphae	Trochiliformes	Trochilidae	Heliangelus exortis	tourmaline sunangel
GCA_023637945.2	29	Birds	Caprimulgimorphae	Trochiliformes	Trochilidae	Phaethornis superciliosus	long-tailed hermit
GCF_036013445.1	29	Birds	Columbea	Columbiformes	Columbidae	Caloenas nicobarica	Nicobar pigeon
GCF_036013475.1	29	Birds	Columbea	Columbiformes	Columbidae	Columba livia	rock dove
GCA_963082525.1	29	Birds	Columbea	Columbiformes	Columbidae	Nesoenas mayeri	pink pigeon
GCA_036971685.2	29	Birds	Columbea	Columbiformes	Columbidae	Patagioenas fasciata	band-tailed pigeon
GCA_964273445.1	29	Birds	Columbea	Columbiformes	Columbidae	Streptopelia decaocto	Eurasian collared-dove
GCA_901699155.2	29	Birds	Columbea	Columbiformes	Columbidae	Streptopelia turtur	European turtle dove
GCA_009819775.1	29	Birds	Columbea	Phoenicopteriformes	Phoenicopteridae	Phoenicopterus ruber	American flamingo
GCA_009769525.1	29	Birds	Columbea	Pterocliformes	Pteroclidae	Pterocles gutturalis	yellow-throated sandgrouse
GCA_008658365.1	29	Birds	Core waterbirds	Charadriiformes	Alcidae	Alca Torda	razorbill
GCA_017639485.1	29	Birds	Core waterbirds	Charadriiformes	Charadriidae	Pluvialis apricaria	European golden plover
GCA_965231255.1	29	Birds	Core waterbirds	Charadriiformes	Charadriidae	Vanellus vanellus	Northern Lapwing
GCF_963924245.1	29	Birds	Core waterbirds	Charadriiformes	Laridae	Chroicocephalus ridibundus	black-headed gull
GCA_964417175.1	29	Birds	Core waterbirds	Charadriiformes	Laridae	Larus argentatus	herring gull
GCA_963932225.1	29	Birds	Core waterbirds	Charadriiformes	Laridae	Larus fuscus	lesser black-backed gull
GCA_964199755.1	29	Birds	Core waterbirds	Charadriiformes	Laridae	Larus michahellis	yellow-legged gull
GCF_028500815.1	29	Birds	Core waterbirds	Charadriiformes	Laridae	Rissa tridactyla	black-legged kittiwake
GCA_009819605.1	29	Birds	Core waterbirds	Charadriiformes	Laridae	Sterna hirundo	common tern
GCA_964106895.1	29	Birds	Core waterbirds	Charadriiformes	Scolopacidae	Numenius arquata	Eurasian curlew
GCA_017639555.1	29	Birds	Core waterbirds	Ciconiiformes	Ciconiidae	Ciconia maguari	Maguari stork
GCA_027574665.1	29	Birds	Core waterbirds	Eurypgiformes	Rhynochetidae	Rhynochetos jubatus	Kagu
GCF_030936135.1	29	Birds	Core waterbirds	Gaviiformes	Gaviidae	Gavia stellata	red-throated Loon
GCA_011004875.1	29	Birds	Core waterbirds	Gruiformes	Gruidae	Balearica regulorum gibbericeps	grey crowned-crane
GCF_028858705.1	29	Birds	Core waterbirds	Gruiformes	Gruidae	Grus americana	whooping crane
GCA_964106855.1	29	Birds	Core waterbirds	Gruiformes	Gruidae	Grus grus	Eurasian crane
GCA_964237585.1	29	Birds	Core waterbirds	Gruiformes	Rallidae	Gallinula chloropus	common moorhen
GCA_020800305.1	29	Birds	Core waterbirds	Gruiformes	Rallidae	Porphyrio hochstetteri	takahe
GCA_030867145.1	29	Birds	Core waterbirds	Opisthocomiformes	Opisthocomidae	Opisthocomus hoazin	hoatzin
GCA_030463565.1	29	Birds	Core waterbirds	Pelecaniformes (Pelecanidae)	Pelecanidae	Pelecanus crispus	dalmatian pelican
GCA_949628215.1	29	Birds	Core waterbirds	Pelicaniformes (Phalacrocoracidae)	Phalacrocoracidae	Gulosus aristotelis	European shag
GCF_963921805.1	29	Birds	Core waterbirds	Pelicaniformes (Phalacrocoracidae)	Phalacrocoracidae	Phalacrocorax carbo	great cormorant
GCA_965183815.1	29	Birds	Core waterbirds	Pelicaniformes (Threskiornithidae)	Threskiornithidae	Platalea leucorodia	Eurasian spoonbill
GCA_020745775.1	29	Birds	Core waterbirds	Pelicaniformes (Threskiornithidae)	Threskiornithidae	Theristicus caerulescens	plumbeous ibis
GCA_964289735.1	29	Birds	Core waterbirds	Phaethontiformes	Phaethontidae	Phaethon aethereus	red-billed tropicbird
GCA_964195595.2	29	Birds	Core waterbirds	Procellariiformes	Procellariidae	Calonectris borealis	Cory's shearwater
GCA_027474245.1	29	Birds	Core waterbirds	Sphenisciformes	Spheniscidae	Spheniscus humboldti	Humboldt penguin
GCA_031468815.1	29	Birds	Core waterbirds	Suliformes	Sulidae	Morus bassanus	Northern gannet
GCF_017976375.1	29	Birds	Otidimorphae	Cuculiformes	Cuculidae	Cuculus canorus	common cuckoo
GCA_009769465.1	29	Birds	Otidimorphae	Musophagiformes	Musophagidae	Tauraco erythrolophus	red-crested turaco
GCA_036417535.1	29	Birds	Otidimorphae	Otidiformes	Otididae	Chlamydotis macqueenii	MacQueen's bustard
GCF_964237555.1	30	Mammals	Supraprimates (Euarchontoglires)	Lagomorpha (Leporidae)	Leporidae	Oryctolagus cuniculus	European rabbit
GCF_030435755.1	30	Mammals	Supraprimates (Euarchontoglires)	Lagomorpha (Ochotonidae)	Ochotonidae	Ochotona princeps	American pika
GCA_038048845.1	31	Amphibians	Anura	Neobatrachia > (Myobatrachidae & Calyptocephalellidae)	Limnodynastidae	Mixophyes fleayi	Fleay's barred frog
GCF_028390025.1	31	Amphibians	Anura	Neobatrachia > (Myobatrachidae & Calyptocephalellidae)	Myobatrachidae	Pseudophryne corroboree	Southern corroboree frog
GCF_905171765.1	31	Amphibians	Anura	Neobatrachia > Hyloidea (Bufonidae)	Bufonidae	Bufo bufo	European toad
GCA_048569485.1	31	Amphibians	Anura	Neobatrachia > Hyloidea (Dendrobatidae & Aromobatidae)	Dendrobatidae	Anomaloglossus baeobatrachus	Edward's Rocket Frog
GCF_032444005.1	31	Amphibians	Anura	Neobatrachia > Hyloidea (Dendrobatidae & Aromobatidae)	Dendrobatidae	Ranitomeya imitator	mimic poison frog
GCF_035609145.1	31	Amphibians	Anura	Neobatrachia > Hyloidea (Eleutherodactylidae)	Eleutherodactylidae	Eleutherodactylus coqui	coqui
GCF_027789765.1	31	Amphibians	Anura	Neobatrachia > Hyloidea (Hylidae & Hemiphractidae)	Hylidae	Dendropsophus ebraccatus	hourglass treefrog
GCF_029499605.1	31	Amphibians	Anura	Neobatrachia > Hyloidea (Hylidae & Hemiphractidae)	Hylidae	Hyla sarda	Sardinian treefrog
GCF_040894005.1	31	Amphibians	Anura	Neobatrachia > Hyloidea (Leptodactylidae & Centrolenidae)	Leptodactylidae	Engystomops pustulosus	tungara frog
GCA_031893055.1	31	Amphibians	Anura	Neobatrachia > Hyloidea (Leptodactylidae & Centrolenidae)	Leptodactylidae	Leptodactylus fuscus	rufous frog
GCF_040937935.1	32	Amphibians	Anura	Neobatrachia > Afrobatrachia> (Hyperoliidae & Brevicipitidae)	Hyperoliidae	Hyperolius riggenbachi	Riggenbach's reed frog
GCA_027917425.1	32	Amphibians	Anura	Neobatrachia > Ranoidea (Microhylidae)	Microhylidae	Gastrophryne carolinensis	Eastern narrow-mouthed toad
GCA_048565345.1	32	Amphibians	Anura	Neobatrachia > Ranoidea > Natatanura (Mantellidae & Ceratobatrachidae)	Mantellidae	Mantella aurantiaca	golden mantella
GCA_965119305.1	32	Amphibians	Anura	Neobatrachia > Ranoidea > Natatanura (Ranidae & Pyxicephalidae)	Ranidae	Pelophylax lessonae	pool frog
GCF_905171775.1	32	Amphibians	Anura	Neobatrachia > Ranoidea > Natatanura (Ranidae & Pyxicephalidae)	Ranidae	Rana temporaria	European common frog
GCA_951216825.1	33	Fishes	Actinopterygii (Ray-finned Fishes)	Myctophiformes	Myctophidae	Electrona antarctica	Antarctic lanternfish
GCA_963280865.1	33	Fishes	Actinopterygii (Ray-finned Fishes)	Myctophiformes	Myctophidae	Gymnoscopelus braueri	Brauer's lanternfish
GCA_963454915.1	33	Fishes	Actinopterygii (Ray-finned Fishes)	Myctophiformes	Myctophidae	Gymnoscopelus microlampas	minispotted lanternfish
GCA_963921795.1	33	Fishes	Actinopterygii (Ray-finned Fishes)	Myctophiformes	Myctophidae	Nannobrachium achirus	Lantern fish
GCA_963924005.1	33	Fishes	Actinopterygii (Ray-finned Fishes)	Myctophiformes	Myctophidae	Protomyctophum bolini	Bolin’s lanternfish
GCA_964188405.1	33	Fishes	Actinopterygii (Ray-finned Fishes)	Myctophiformes	Myctophidae	Protomyctophum parallelum 	parallel lanternfish
GCF_023375975.1	34	Fishes	Actinopterygii (Ray-finned Fishes)	Characiformes	Acestrorhamphidae	Astyanax mexicanus	Mexican tetra
GCF_030463535.1	34	Fishes	Actinopterygii (Ray-finned Fishes)	Characiformes	Bryconidae	Salminus brasiliensis	golden dorado
GCF_029633855.1	34	Fishes	Actinopterygii (Ray-finned Fishes)	Characiformes	Erythrinidae	Hoplias malabaricus	trahira
GCF_015220715.1	34	Fishes	Actinopterygii (Ray-finned Fishes)	Characiformes	Serrasalmidae	Pygocentrus nattereri	red-bellied piranha
GCF_900496995.4	35	Birds	Core landbirds	Accipitriformes	Accipitridae	Aquila chrysaetos	European golden eagle
GCF_929443795.1	35	Birds	Core landbirds	Accipitriformes	Accipitridae	Astur gentilis	Northern goshawk
GCA_964188355.1	35	Birds	Core landbirds	Accipitriformes	Accipitridae	Buteo buteo	common buzzard
GCA_028022735.1	35	Birds	Core landbirds	Accipitriformes	Accipitridae	Gypaetus barbatus	bearded vulture
GCF_947461875.1	35	Birds	Core landbirds	Accipitriformes	Accipitridae	Haliaeetus albicilla	white-tailed eagle
GCF_026419915.1	35	Birds	Core landbirds	Accipitriformes	Accipitridae	Harpia harpyja	harpy eagle
GCA_045345515.1	35	Birds	Core landbirds	Accipitriformes	Accipitridae	Morphnus guianensis	crested eagle
GCA_037962945.1	35	Birds	Core landbirds	Cathartiformes	Cathartidae	Sarcoramphus papa	king vulture
GCA_965140245.1	35	Birds	Core landbirds	Strigiformes	Strigidae	Athene noctua	little owl
GCA_031877795.1	35	Birds	Core landbirds	Strigiformes	Strigidae	Strix aluco	tawny owl
GCF_027595985.1	36	Mammals	Laurasiatheria	Eulipotyphla (Soricidae)	Soricidae	Sorex araneus	European shrew
GCF_024139225.1	36	Mammals	Laurasiatheria	Eulipotyphla (Soricidae)	Soricidae	Suncus etruscus	Etruscan shrew
GCF_027579695.1	37	Fishes	Actinopterygii (Ray-finned Fishes)	Siluriformes	Ariidae	Neoarius graeffei	blue salmon catfish
GCF_027358585.1	37	Fishes	Actinopterygii (Ray-finned Fishes)	Siluriformes	Ariidae	Pangasianodon hypophthalmus	striped catfish
GCA_024256435.1	37	Fishes	Actinopterygii (Ray-finned Fishes)	Siluriformes	Clariidae	Clarias gariepinus	North African catfish
GCA_946808225.1	37	Fishes	Actinopterygii (Ray-finned Fishes)	Siluriformes	Siluridae	Silurus aristotelis	Aristotle's catfish
GCA_009819825.1	38	Birds	Core landbirds	Cariamiformes	Cariamidae	Cariama cristata	red-legged seriema
GCF_028858725.1	38	Birds	Core landbirds	Coliiformes	Coliidae	Colius striatus	speckled mousebird
GCF_023638135.1	38	Birds	Core landbirds	Falconiformes	Falconidae	Falco biarmicus	Lanner falcon
GCF_023634085.1	38	Birds	Core landbirds	Falconiformes	Falconidae	Falco cherrug	saker falcon
GCF_017639655.2	38	Birds	Core landbirds	Falconiformes	Falconidae	Falco naumanni	lesser kestrel
GCF_023634155.1	38	Birds	Core landbirds	Falconiformes	Falconidae	Falco peregrinus	peregrine falcon
GCA_963210335.1	38	Birds	Core landbirds	Falconiformes	Falconidae	Falco punctatus	Mauritius kestrel
GCF_015220075.1	38	Birds	Core landbirds	Falconiformes	Falconidae	Falco rusticolus	gyrfalcon
GCA_016904835.1	38	Birds	Core landbirds	Passeriformes (Acanthisitti)	Acanthisittidae	Acanthisitta chloris	rifleman
GCF_963662255.1	38	Birds	Core landbirds	Passeriformes (Oscines)	Cinclidae	Cinclus cinclus	white-throated dipper
GCA_965178545.1	38	Birds	Core landbirds	Passeriformes (Oscines)	Corvidae	Coloeus monedula	Western jackdaw
GCF_020740725.1	38	Birds	Core landbirds	Passeriformes (Oscines)	Corvidae	Corvus hawaiiensis	Hawaiian crow
GCF_009650955.1	38	Birds	Core landbirds	Passeriformes (Oscines)	Corvidae	Corvus moneduloides	New Caledonian crow
GCA_046129655.1	38	Birds	Core landbirds	Passeriformes (Oscines)	Corvidae	Cyanocitta cristata	blue jay
GCA_046129695.1	38	Birds	Core landbirds	Passeriformes (Oscines)	Estrildidae	Lonchura striata domestica	Bengalese finch
GCA_048771995.1	38	Birds	Core landbirds	Passeriformes (Oscines)	Estrildidae	Taeniopygia guttata	zebra finch
GCA_963513975.1	38	Birds	Core landbirds	Passeriformes (Oscines)	Fringillidae	Fringilla coelebs	common chaffinch
GCF_027477595.1	38	Birds	Core landbirds	Passeriformes (Oscines)	Fringillidae	Haemorhous mexicanus	house finch
GCF_015227805.1	38	Birds	Core landbirds	Passeriformes (Oscines)	Hirundinidae	Hirundo rustica	barn swallow
GCF_020745825.1	38	Birds	Core landbirds	Passeriformes (Oscines)	Icteridae	Agelaius phoeniceus	red-winged blackbird
GCF_029582105.1	38	Birds	Core landbirds	Passeriformes (Oscines)	Muscicapidae	Oenanthe melanoleuca	eastern black-eared wheatear
GCA_014706295.1	38	Birds	Core landbirds	Passeriformes (Oscines)	Paradisaeidae	Lycocorax pyrrhopterus	paradise crow
GCA_009764595.1	38	Birds	Core landbirds	Passeriformes (Oscines)	Parulidae	Geothlypis trichas	common yellowthroat
GCF_027887145.1	38	Birds	Core landbirds	Passeriformes (Oscines)	Passerellidae	Ammodramus caudacutus	saltmarsh sparrow
GCA_036010785.1	38	Birds	Core landbirds	Passeriformes (Oscines)	Passerellidae	Ammospiza maritima	seaside sparrow
GCF_027579445.1	38	Birds	Core landbirds	Passeriformes (Oscines)	Passerellidae	Ammospiza nelsoni	Nelson's sparrow
GCF_028018845.1	38	Birds	Core landbirds	Passeriformes (Oscines)	Passerellidae	Melospiza georgiana	swamp sparrow
GCF_035770615.1	38	Birds	Core landbirds	Passeriformes (Oscines)	Passerellidae	Melospiza melodia	song sparrow
GCA_031885435.1	38	Birds	Core landbirds	Passeriformes (Oscines)	Passerellidae	Passerculus sandwichensis	Savannah sparrow
GCA_047830755.1	38	Birds	Core landbirds	Passeriformes (Oscines)	Passerellidae	Zonotrichia albicollis	white-throated sparrow
GCF_036417665.1	38	Birds	Core landbirds	Passeriformes (Oscines)	Passeridae	Passer domesticus	house sparrow
GCA_027559615.1	38	Birds	Core landbirds	Passeriformes (Oscines)	Sturnidae	Acridotheres tristis	common myna
GCF_009819655.1	38	Birds	Core landbirds	Passeriformes (Oscines)	Sylviidae	Sylvia atricapilla	European blackcap
GCA_014839755.1	38	Birds	Core landbirds	Passeriformes (Oscines)	Sylviidae	Sylvia borin	garden warbler
GCF_009819885.2	38	Birds	Core landbirds	Passeriformes (Oscines)	Turdidae	Catharus ustulatus	Swainson's thrush
GCA_903797595.2	38	Birds	Core landbirds	Passeriformes (Oscines)	Turdidae	Erithacus rubecula	European robin
GCF_030490865.1	38	Birds	Core landbirds	Passeriformes (Oscines)	Turdidae	Poecile atricapillus	black-capped chickadee
GCF_026979565.1	38	Birds	Core landbirds	Passeriformes (Oscines)	Viduidae	Vidua chalybeata	village indigobird
GCA_965231275.1	38	Birds	Core landbirds	Passeriformes (Oscines)	Zosteropidae	Zosterops lateralis	silver-eye
GCF_009829145.1	38	Birds	Core landbirds	Passeriformes (Suboscines)	Pipridae	Chiroxiphia lanceolata	lanced-tailed manakin
GCF_036250125.1	38	Birds	Core landbirds	Passeriformes (Suboscines)	Pipridae	Dixiphia pipra	white-crowned manakin
GCA_045364795.1	38	Birds	Core landbirds	Passeriformes (Suboscines)	Thamnophilidae	Willisornis vidua	Xingu scale-backed antbird
GCA_039720435.1	38	Birds	Core landbirds	Psittaciformes 	Psittacidae	Amazona ochrocephala 	yellow-crowned amazon
GCA_028858755.1	38	Birds	Core landbirds	Psittaciformes 	Psittacidae	Ara ararauna	blue-and-gold macaw
GCA_045345405.1	38	Birds	Core landbirds	Psittaciformes 	Psittacidae	Guaruba guaruba	golden parakeet
GCF_037157495.1	38	Birds	Core landbirds	Psittaciformes 	Psittacidae	Lathamus discolor	swift parrot
GCA_963264785.1	38	Birds	Core landbirds	Psittaciformes 	Psittacidae	Psittacula echo	Mauritius parakeet
GCF_012275295.1	38	Birds	Core landbirds	Psittaciformes 	Psittaculidae	Melopsittacus undulatus	budgerigar
GCF_004027225.2	38	Birds	Core landbirds	Psittaciformes 	Strigopidae	Strigops habroptilus	kakapo
GCA_009769605.1	39	Birds	Core landbirds	Bucerotiformes	Bucorvidae	Bucorvus abyssinicus	Abyssinian ground hornbill
GCA_009819595.1	39	Birds	Core landbirds	Coraciiformes	Meropidae	Merops nubicus	carmine bee-eater
GCA_034619465.1	39	Birds	Core landbirds	Leptosomiiformes	Leptosomidae	Leptosomus discolor	cuckoo-roller
GCF_015220805.1	39	Birds	Core landbirds	Piciformes	Lybiidae	Pogoniulus pusillus	red-fronted tinkerbird
GCF_014839835.1	39	Birds	Core landbirds	Piciformes	Picidae	Dryobates pubescens	downy woodpecker
GCA_020746105.1	39	Birds	Core landbirds	Trogoniformes	Trogonidae	Trogon surrucura	surucua trogon
GCA_047511655.1	40	Mammals	Supraprimates (Euarchontoglires)	Rodentia (Castoridae)	Castoridae	Castor canadensis	North American beaver
GCA_031878675.1	40	Mammals	Supraprimates (Euarchontoglires)	Rodentia (Geomyoidea)	Geomyoidea	Thomomys bottae	Botta's pocket gopher
GCA_963383645.1	41	Mammals	Supraprimates (Euarchontoglires)	Rodentia (Gliridae)	Gliridae	Muscardinus avellanarius	common dormouse
GCA_048772815.1	41	Mammals	Supraprimates (Euarchontoglires)	Rodentia (Sciuridae)	Sciuridae	Callospermophilus lateralis	golden-mantled ground squirrel
GCF_047511675.1	41	Mammals	Supraprimates (Euarchontoglires)	Rodentia (Sciuridae)	Sciuridae	Marmota flaviventris	yellow bellied marmot
GCF_902686445.1	41	Mammals	Supraprimates (Euarchontoglires)	Rodentia (Sciuridae)	Sciuridae	Sciurus carolinensis 	grey squirrel
GCA_902686455.2	41	Mammals	Supraprimates (Euarchontoglires)	Rodentia (Sciuridae)	Sciuridae	Sciurus vulgaris	Eurasian red squirrel
GCA_964194105.1	41	Mammals	Supraprimates (Euarchontoglires)	Rodentia (Sciuridae)	Sciuridae	Spermophilus citellus	European ground squirrel
GCA_045843805.1	41	Mammals	Supraprimates (Euarchontoglires)	Rodentia (Sciuridae)	Sciuridae	Urocitellus parryii	Arctic ground squirrel
GCA_048771875.1	42	Mammals	Supraprimates (Euarchontoglires)	Rodentia (Ctenodactylidae)	Ctenodactylidae	Ctenodactylus gundi	common gundi
GCA_028451465.1	42	Mammals	Supraprimates (Euarchontoglires)	Rodentia (Erethizontidae)	Erethizontidae	Erethizon dorsatum	North American porcupine
GCF_029633865.1	43	Fishes	Actinopterygii (Ray-finned Fishes)	Lampridiformes	Lampridae	Lampris incognitus	smalleye Pacific opah
GCA_048537225.1	43	Fishes	Actinopterygii (Ray-finned Fishes)	Polymixiiformes	Polymixiidae	Polymixia cf. hollisterae	Bermuda beardfish
GCA_047511565.1	43	Fishes	Actinopterygii (Ray-finned Fishes)	Polymixiiformes	Polymixiidae	Polymixia lowei	beardfish
GCF_902167405.1	44	Fishes	Actinopterygii (Ray-finned Fishes)	Gadiformes	Gadidae	Gadus morhua	Atlantic cod
GCA_964030765.1	44	Fishes	Actinopterygii (Ray-finned Fishes)	Gadiformes	Gadidae	Micromesistius poutassou	blue whiting
GCA_949987615.1	44	Fishes	Actinopterygii (Ray-finned Fishes)	Gadiformes	Gadidae	Pollachius pollachius	European pollock
GCA_049190665.1	44	Fishes	Actinopterygii (Ray-finned Fishes)	Gadiformes	Melanonidae	Melanonus zugmayeri	arrowtail
GCA_960531495.1	44	Fishes	Actinopterygii (Ray-finned Fishes)	Zeiformes	Zeidae	Zeus faber	John dory
GCF_903992535.2	45	Mammals	Supraprimates (Euarchontoglires)	Rodentia (Cricetidae)	Cricetidae	Arvicola amphibius	European water vole
GCF_950005125.1	45	Mammals	Supraprimates (Euarchontoglires)	Rodentia (Cricetidae)	Cricetidae	Chionomys nivalis	European snow vole
GCA_037038515.1	45	Mammals	Supraprimates (Euarchontoglires)	Rodentia (Cricetidae)	Cricetidae	Microtus pennsylvanicus	Eastern meadow vole
GCF_903995425.1	45	Mammals	Supraprimates (Euarchontoglires)	Rodentia (Cricetidae)	Cricetidae	Onychomys torridus	Southern grasshopper mouse
GCA_026229955.1	45	Mammals	Supraprimates (Euarchontoglires)	Rodentia (Cricetidae)	Cricetidae	Peromyscus maniculatus	deer mouse
GCA_964271855.1	45	Mammals	Supraprimates (Euarchontoglires)	Rodentia (Muridae)	Muridae	Acomys minous	Crete spiny mouse
GCF_903995435.1	45	Mammals	Supraprimates (Euarchontoglires)	Rodentia (Muridae)	Muridae	Acomys russatus	golden spiny mouse
GCF_947179515.1	45	Mammals	Supraprimates (Euarchontoglires)	Rodentia (Muridae)	Muridae	Apodemus sylvaticus	European woodmouse
GCA_011762505.3	45	Mammals	Supraprimates (Euarchontoglires)	Rodentia (Muridae)	Muridae	Arvicanthis niloticus	Nile rat
GCA_963924665.1	45	Mammals	Supraprimates (Euarchontoglires)	Rodentia (Muridae)	Muridae	Micromys minutus	European harvest mouse
GCA_949316315.1	45	Mammals	Supraprimates (Euarchontoglires)	Rodentia (Muridae)	Muridae	Mus musculus	house mouse
GCF_015227675.2	45	Mammals	Supraprimates (Euarchontoglires)	Rodentia (Muridae)	Muridae	Rattus norvegicus	Norway rat
GCA_048128805.1	46	Fishes	Actinopterygii (Ray-finned Fishes)	Beryciformes	Berycidae	Centroberyx gerrardi	bight redfish
GCA_964638095.1	46	Fishes	Actinopterygii (Ray-finned Fishes)	Beryciformes	Melamphaidae	Poromitra crassiceps	crested bigscale
GCF_902150065.1	46	Fishes	Actinopterygii (Ray-finned Fishes)	Holocentriformes	Holocentridae	Myripristis murdjan	pinecone soldierfish
GCA_951799975.1	47	Fishes	Actinopterygii (Ray-finned Fishes)	Gobiiformes	Gobiidae	Gobius niger	black goby
GCF_009829125.3	47	Fishes	Actinopterygii (Ray-finned Fishes)	Gobiiformes	Gobiidae	Periophthalmus magnuspinnatus	Korean giant-fin mudskipper
GCA_042242135.1	48	Fishes	Actinopterygii (Ray-finned Fishes)	Scombriformes	Arripidae	Arripis georgiana	Australian herring
GCF_027409825.1	48	Fishes	Actinopterygii (Ray-finned Fishes)	Scombriformes	Scombridae	Scomber japonicus	Pacific chub mackerel
GCF_963691925.1	48	Fishes	Actinopterygii (Ray-finned Fishes)	Scombriformes	Scombridae	Scomber scombrus	Atlantic mackerel
GCF_914725855.1	48	Fishes	Actinopterygii (Ray-finned Fishes)	Scombriformes	Scombridae	Thunnus albacares	yellowfin tuna
GCF_910596095.1	48	Fishes	Actinopterygii (Ray-finned Fishes)	Scombriformes	Scombridae	Thunnus maccoyii	southern bluefin tuna
GCF_963924715.1	48	Fishes	Actinopterygii (Ray-finned Fishes)	Scombriformes	Scombridae	Thunnus thynnus	northern bluefin tuna
GCF_900634415.1	49	Fishes	Actinopterygii (Ray-finned Fishes)	Perciformes	Bovichtidae	Cottoperca gobio	channel bull blenny
GCA_949606895.1	49	Fishes	Actinopterygii (Ray-finned Fishes)	Perciformes	Nototheniidae	Notothenia rossii 	marbled rockcod
GCA_910591455.2	49	Fishes	Actinopterygii (Ray-finned Fishes)	Perciformes	Pholidae	Pholis gunnellus	rock gunnel
GCA_041903045.1	49	Fishes	Actinopterygii (Ray-finned Fishes)	Perciformes	Serranidae	Epinephelus lanceolatus	giant grouper
GCA_048129235.1	49	Fishes	Actinopterygii (Ray-finned Fishes)	Perciformes	Serranidae	Epinephelus rankini	rankin cod
GCA_963514095.1	49	Fishes	Actinopterygii (Ray-finned Fishes)	Perciformes	Triglidae	Eutrigla gurnardus	grey gurnard
GCA_028022725.1	49	Fishes	Actinopterygii (Ray-finned Fishes)	Perciformes	Zoarcidae	Lycodopsis pacificus	blackbelly eelpout
GCA_949748355.1	49	Fishes	Actinopterygii (Ray-finned Fishes)	Perciformes	Zoarcidae	Melanostigma gelatinosum	limp eelpout
GCA_910589615.1	49	Fishes	Actinopterygii (Ray-finned Fishes)	Scorpaeniformes	Cottidae	Taurulus bubalis	long-spined sea scorpion
GCA_964276395.1	49	Fishes	Actinopterygii (Ray-finned Fishes)	Scorpaeniformes	Gasterosteidae	Gasterosteus aculeatus	three-spined stickleback
GCF_949316345.1	49	Fishes	Actinopterygii (Ray-finned Fishes)	Scorpaeniformes	Gasterosteidae	Pungitius pungitius	ninespine stickleback
GCA_048126635.1	49	Fishes	Actinopterygii (Ray-finned Fishes)	Scorpaeniformes	Gasterosteidae	Spinachia spinachia	sea stickleback
GCA_043250625.1	49	Fishes	Actinopterygii (Ray-finned Fishes)	Scorpaeniformes	Sebastidae	Sebastes fasciatus	Acadian redfish
GCF_015220745.1	49	Fishes	Actinopterygii (Ray-finned Fishes)	Scorpaeniformes	Sebastidae	Sebastes umbrosus	honeycomb rockfish
GCF_009769545.1	49	Fishes	Actinopterygii (Ray-finned Fishes)	Scorpaeniformes (Cyclopteridae)	Cyclopteridae	Cyclopterus lumpus	lumpfish
GCA_963691815.1	49	Fishes	Actinopterygii (Ray-finned Fishes)	Trachiniformes	Trachinidae	Echiichthys vipera	lesser weever
GCF_043641665.1	50	Fishes	Actinopterygii (Ray-finned Fishes)	Centrarchiformes	Centrarchidae	Enoplosus armatus	old wife
GCA_019677235.1	50	Fishes	Actinopterygii (Ray-finned Fishes)	Centrarchiformes	Centrarchidae	Micropterus salmoides	large-mouth bass
GCA_905171665.2	51	Fishes	Actinopterygii (Ray-finned Fishes)	Carangiformes	Carangidae	Trachurus trachurus	Atlantic horse mackerel
GCF_900963305.1	51	Fishes	Actinopterygii (Ray-finned Fishes)	Carangiformes	Echeneidae	Echeneis naucrates	live sharksucker
GCF_017976425.1	51	Fishes	Actinopterygii (Ray-finned Fishes)	incertae sedis in Carangimorphariae	Toxotidae	Toxotes jaculatrix	banded archerfish
GCF_009819705.1	51	Fishes	Actinopterygii (Ray-finned Fishes)	Pleuronectiformes	Pleuronectidae	Hippoglossus hippoglossus	Atlantic halibut
GCF_963576545.1	51	Fishes	Actinopterygii (Ray-finned Fishes)	Pleuronectiformes	Pleuronectidae	Limanda limanda	common dab
GCA_964266715.1	51	Fishes	Actinopterygii (Ray-finned Fishes)	Pleuronectiformes	Pleuronectidae	Microstomus kitt	lemon sole
GCF_949316205.1	51	Fishes	Actinopterygii (Ray-finned Fishes)	Pleuronectiformes	Pleuronectidae	Platichthys flesus	European flounder
GCF_947347685.1	51	Fishes	Actinopterygii (Ray-finned Fishes)	Pleuronectiformes	Pleuronectidae	Pleuronectes platessa	European plaice
GCA_963854745.1	51	Fishes	Actinopterygii (Ray-finned Fishes)	Pleuronectiformes	Scophthalmidae	Scophthalmus maximus	turbot
GCA_963457635.1	51	Fishes	Actinopterygii (Ray-finned Fishes)	Pleuronectiformes	Soleidae	Microchirus variegatus	thickback sole
GCF_958295425.1	51	Fishes	Actinopterygii (Ray-finned Fishes)	Pleuronectiformes	Soleidae	Solea solea	common sole
GCF_900324465.2	52	Fishes	Actinopterygii (Ray-finned Fishes)	Anabantiformes	Anabantidae	Anabas testudineus	climbing perch
GCF_900634795.4	52	Fishes	Actinopterygii (Ray-finned Fishes)	Anabantiformes	Osphronemidae	Betta splendens	Siamese fighting fish
GCF_900324485.2	52	Fishes	Actinopterygii (Ray-finned Fishes)	Synbranchiformes	Mastacembelidae	Mastacembelus armatus	zig-zag eel
GCA_044231665.1	53	Fishes	Actinopterygii (Ray-finned Fishes)	Callionymiformes	Callionymidae	Neosynchiropus ocellatus	ocellated dragonet
GCA_044231675.1	53	Fishes	Actinopterygii (Ray-finned Fishes)	Callionymiformes	Callionymidae	Synchiropus picturatus	picturesque dragonet
GCF_901709675.1	54	Fishes	Actinopterygii (Ray-finned Fishes)	Syngnathiformes	Syngnathidae	Syngnathus acus	greater pipefish
GCA_048301445.1	54	Fishes	Actinopterygii (Ray-finned Fishes)	Syngnathiformes	Syngnathidae	Syngnathus typhle	broad-nosed pipefish
GCA_047301625.1	55	Fishes	Actinopterygii (Ray-finned Fishes)	Labriformes sensu stricto	Labridae	Choerodon schoenleinii	blackspot tuskfish
GCF_963930695.1	55	Fishes	Actinopterygii (Ray-finned Fishes)	Labriformes sensu stricto	Labridae	Labrus bergylta	ballan wrasse
GCF_963584025.1	55	Fishes	Actinopterygii (Ray-finned Fishes)	Labriformes sensu stricto	Labridae	Labrus mixtus	cuckoo wrasse
GCF_009762535.1	55	Fishes	Actinopterygii (Ray-finned Fishes)	Labriformes sensu stricto	Labridae	Notolabrus celidotus	New Zealand spotty wrasse
GCA_947650265.1	55	Fishes	Actinopterygii (Ray-finned Fishes)	Labriformes sensu stricto	Labridae	Symphodus melops	corkwing wrasse
GCA_020745685.1	55	Fishes	Actinopterygii (Ray-finned Fishes)	Labriformes sensu stricto	Labridae	Tautogolabrus adspersus	cunner
GCA_949987685.1	55	Fishes	Actinopterygii (Ray-finned Fishes)	Uranoscopiformes	Ammodytidae	Ammodytes marinus	lesseer sand eel
GCA_949357725.1	55	Fishes	Actinopterygii (Ray-finned Fishes)	Uranoscopiformes	Ammodytidae	Hyperoplus immaculatus	greater sand eel
GCF_900634625.1	56	Fishes	Actinopterygii (Ray-finned Fishes)	incertae sedis in Ovalentaria	Ambassidae	Parambassis ranga	Indian glassy fish
GCA_963514085.1	56	Fishes	Actinopterygii (Ray-finned Fishes)	Mugiliformes	Mugilidae	Chelon labrosus	thicklip grey mullet
GCA_963422515.1	57	Fishes	Actinopterygii (Ray-finned Fishes)	Blenniiformes	Blenniidae	Blennius ocellaris	butterfly blenny
GCA_963383615.1	57	Fishes	Actinopterygii (Ray-finned Fishes)	Blenniiformes	Blenniidae	Lipophrys pholis	shanny
GCF_902148845.1	57	Fishes	Actinopterygii (Ray-finned Fishes)	Blenniiformes	Blenniidae	Salarias fasciatus	jewelled blenny
GCA_049082185.1	57	Fishes	Actinopterygii (Ray-finned Fishes)	Blenniiformes	Clinidae	Cristiceps australis	crested weedfish
GCA_031216445.1	58	Fishes	Actinopterygii (Ray-finned Fishes)	Pempheriformes	Lateolabracidae	Lateolabrax maculatus	Chinese sea bass
GCF_042242105.1	58	Fishes	Actinopterygii (Ray-finned Fishes)	Pempheriformes	Pempheridae	Pempheris klunzingeri	rough bullseye
GCA_048628825.1	59	Fishes	Actinopterygii (Ray-finned Fishes)	Atheriniformes	Atherinopsidae	Menidia menidia	Atlantic silverside
GCA_027942865.1	59	Fishes	Actinopterygii (Ray-finned Fishes)	Atheriniformes	Atherinopsidae	Odontesthes bonariensis	pejerrey
GCF_017639745.1	59	Fishes	Actinopterygii (Ray-finned Fishes)	Atheriniformes	Melanotaeniidae	Melanotaenia boesemani	Boeseman’s rainbowfish
GCA_933228915.1	59	Fishes	Actinopterygii (Ray-finned Fishes)	Atheriniformes	Telmatherinidae	Telmatherina bonti	telmatherina bonti
GCA_014839995.1	59	Fishes	Actinopterygii (Ray-finned Fishes)	Beloniformes	Belonidae	Xenentodon cancila	needlefish
GCA_014839685.1	59	Fishes	Actinopterygii (Ray-finned Fishes)	Cyprinodontiformes	Anablepidae	Anableps anableps	largescale four-eyes
GCA_037039145.1	59	Fishes	Actinopterygii (Ray-finned Fishes)	Cyprinodontiformes	Fundulidae	Fundulus diaphanus	banded killifish
GCF_021462225.1	59	Fishes	Actinopterygii (Ray-finned Fishes)	Cyprinodontiformes	Goodeidae	Girardinichthys multiradiatus	darkedged splitfin
GCF_007364275.1	60	Fishes	Actinopterygii (Ray-finned Fishes)	Cichliformes	Cichlidae	Archocentrus centrarchus	flier cichlid
GCA_964374335.1	60	Fishes	Actinopterygii (Ray-finned Fishes)	Cichliformes 	Cichlidae	Astatotilapia calliptera	Eastern happy
GCA_965226115.1	60	Fishes	Actinopterygii (Ray-finned Fishes)	Cichliformes 	Cichlidae	Aulonocara stuartgranti	flavescent peacock cichlid
GCA_963969265.1	60	Fishes	Actinopterygii (Ray-finned Fishes)	Cichliformes 	Cichlidae	Rhamphochromis sp. chilingali	Chilingali cichlid
GCA_020510985.1	60	Fishes	Actinopterygii (Ray-finned Fishes)	Pholidichthyiformes	Pholidichthyidae	Pholidichthys leucotaenia	convict blenny
GCF_039877785.1	61	Fishes	Actinopterygii (Ray-finned Fishes)	Chaetodontiformes	Chaetodontidae	Chaetodon trifascialis	chevron butterflyfish
GCF_017976325.1	61	Fishes	Actinopterygii (Ray-finned Fishes)	Chaetodontiformes	Chaetodontidae	Chelmon rostratus	copperband butterflyfish
GCA_048129055.1	61	Fishes	Actinopterygii (Ray-finned Fishes)	Lutjaniformes	Lutjanidae	Caesio teres	yellow and blueback fusilier
GCA_045363895.1	61	Fishes	Actinopterygii (Ray-finned Fishes)	Lutjaniformes	Lutjanidae	Pristipomoides typus	sharptooth jobfish
GCA_048128725.1	61	Fishes	Actinopterygii (Ray-finned Fishes)	Lutjaniformes	Lutjanidae	Symphorus nematophorus	chinamanfish
GCF_904848185.1	61	Fishes	Actinopterygii (Ray-finned Fishes)	Perciformes	Sparidae	Acanthopagrus latus	yellowfin sea bream
GCA_045362495.1	61	Fishes	Actinopterygii (Ray-finned Fishes)	Spariformes	Lethrinidae	Lethrinus nebulosus	spangled emperor
GCA_041753875.1	61	Fishes	Actinopterygii (Ray-finned Fishes)	Spariformes	Sparidae	Acanthopagrus schlegelii	black porgy
GCA_965226575.1	61	Fishes	Actinopterygii (Ray-finned Fishes)	Spariformes	Sparidae	Pagrus pagrus	common seabream
GCF_900880675.1	61	Fishes	Actinopterygii (Ray-finned Fishes)	Spariformes	Sparidae	Sparus aurata	gilthead seabream
